[{"input":"2 228885628 1\n90897004 258427916\n","output":"1\n"},{"input":"57 2 10\n7 5 2 7 4 1 0 5 2 9 2 9 8 6 6 5 9 6 8 1 0 1 0 3 2 6 5 2 8 8 8 8 0 9 4 3 6 6 2 4 5 1 2 0 1 7 1 1 5 4 5 0 7 5 1 9 6\n","output":"0\n"},{"input":"11 4 2\n2 2 0 7 3 2 2 4 9 1 4\n","output":"6\n"},{"input":"3 3 3\n3 2 3\n","output":"1\n"},{"input":"50 2 10\n7 4 1 0 5 2 9 2 9 8 6 6 5 9 6 8 1 0 1 0 3 2 6 5 2 8 8 8 8 0 9 4 3 6 6 2 4 5 1 2 0 1 7 1 1 5 4 5 0 7\n","output":"0\n"},{"input":"1 1 1\n2\n","output":"0\n"},{"input":"4 3 3\n2 3 1 1\n","output":"2\n"},{"input":"3 1 1\n1 2 1\n","output":"2\n"},{"input":"1 228 1\n1\n","output":"1\n"},{"input":"4 2 2\n1 3 3 2\n","output":"0\n"}]