[{"input":"7 7\n7 4 9\n4 3 6\n3 0 0\n6 0 0\n9 8 10\n8 0 0\n10 0 0\n9","output":"10\n"},{"input":"10 6\n6 3 9\n3 1 4\n1 0 2\n2 0 0\n4 0 5\n5 0 0\n9 8 10\n10 0 0\n8 7 0\n7 0 0\n7","output":"8\n"},{"input":"10 6\n6 3 9\n3 1 4\n1 0 2\n2 0 0\n4 0 5\n5 0 0\n9 8 10\n10 0 0\n8 7 0\n7 0 0\n10","output":"0\n"},{"input":"10 6\n6 3 9\n3 1 4\n1 0 2\n2 0 0\n4 0 5\n5 0 0\n9 8 10\n10 0 0\n8 7 0\n7 0 0\n6","output":"7\n"},{"input":"11 1\n1 2 8\n2 3 4\n3 0 0\n4 5 6\n5 0 0\n6 7 0\n7 0 0\n8 9 10\n9 0 0\n10 0 11\n11 0 0\n3","output":"2\n"},{"input":"7 7\n7 4 9\n4 3 6\n3 0 0\n6 0 0\n9 8 10\n8 0 0\n10 0 0\n4","output":"6\n"}]